Date,APOLLOHOSP.BO,BANKBARODA.BO,BERGEPAINT.BO,BRITANNIA.BO,CIPLA.BO,GODREJPROP.BO,HAVELLS.BO,IOC.BO,MUTHOOTFIN.BO,SHREECEM.BO
01-01-2018,1175.70813,156.9272614,258.4778748,2111.290039,598.7224731,724.4500122,540.6665649,145.917923,427.4602051,18664.97852
08-01-2018,1143.65271,157.8009796,258.914978,2139.595703,596.2807617,833.2999878,524.9534302,147.5531616,408.3917236,18506.38086
15-01-2018,1120.755981,160.7618713,239.7306976,2129.432373,588.0274658,822.2000122,524.0432739,146.6784973,392.44104,18024.74414
22-01-2018,1116.619873,162.3151093,245.6559448,2103.62793,606.8291626,822.9500122,555.6610107,148.6560211,384.6238098,17827.26367
29-01-2018,1133.509277,148.5785217,239.7792664,2151.463379,565.6120605,802.7000122,488.5448303,155.6914063,362.7537842,16747.28906
05-02-2018,1104.802002,151.8306427,240.0220947,2107.493408,607.4152832,838.4000244,493.2396545,144.2065735,381.1445007,16673.64844
12-02-2018,1120.903687,147.9475098,239.487854,2174.084717,595.7435913,793.4500122,483.5147095,147.2563171,367.7242126,16672.0293
19-02-2018,1213.376831,141.3461761,238.467926,2257.023193,581.288269,781.7000122,485.81427,144.7242126,358.4759521,16892.5957
26-02-2018,1164.136597,134.3565216,238.1764984,2245.996338,568.3468628,777.2999878,489.5029907,149.6903381,359.3553772,16326.00195
05-03-2018,1132.425903,127.6581192,239.6821136,2201.071533,559.9960327,740.3499756,481.742218,151.3784485,343.5722046,15743.00684
12-03-2018,1054.035645,139.5502319,244.9274139,2210.483887,545.9802246,746.4500122,495.4433289,144.9793854,366.7146301,16133.93066
19-03-2018,991.6481934,129.21138,236.136673,2201.230713,524.7855835,724.0499878,470.1968994,132.4953918,353.1994324,15728.46484
26-03-2018,1046.501831,138.0455017,249.1042786,2260.546875,530.5970459,725.9000244,467.3225403,138.4233246,377.2675476,15897.84277
02-04-2018,1058.614746,145.9088593,257.4579468,2353.125,546.0778198,729.1500244,509.0964661,137.010025,395.318634,16743.89844
09-04-2018,1065.804077,146.1515656,264.1603394,2366.880127,541.6826782,722.75,523.5641479,129.7865906,398.4197388,16644.07617
16-04-2018,1115.388672,139.2104492,261.3433838,2422.240479,574.1583252,780,525.3365479,126.0570831,399.345459,16607.23438
23-04-2018,1056.300537,139.1133728,271.5911865,2481.26123,585.8787842,801.2999878,525.4803467,127.7451706,415.2674255,16735.79297
30-04-2018,1081.462402,135.7641754,264.0631409,2447.863037,583.0463867,808.9000244,518.0070801,126.9600296,409.0189514,16078.86328
07-05-2018,1026.165649,138.3367462,269.599884,2491.719727,560.2890015,835.9000244,523.7557373,133.005722,403.6499023,15970.88672
14-05-2018,1000.314514,122.8527451,272.3197021,2540.850098,521.5137329,777.4500122,501.4794617,128.6088409,379.9983826,16018.73535
21-05-2018,977.9102173,137.0747223,287.6185913,2643.45459,523.3694458,730.5499878,519.0609131,128.4518127,369.3528748,15913.21875
28-05-2018,913.99646,133.3857422,281.0618896,2640.430908,511.1605225,730.4000244,516.8093872,136.1463776,354.541748,16308.95703
04-06-2018,1000.314514,128.6774445,277.4678345,2690.721436,545.2476807,787.75,528.5463867,138.580368,362.4101257,15868.02441
11-06-2018,1014.200134,127.706665,283.2474365,2786.573242,597.7457886,764.5499878,531.4208374,131.9850006,357.6890869,15886.00391
18-06-2018,1006.223389,118.1929779,276.5936584,2712.047363,599.6992188,744.6500244,519.7316284,133.7908936,355.5137329,15282.12793
25-06-2018,1030.301758,109.5044556,273.1938782,2817.539063,600.6270752,717.8499756,520.1629028,122.4453659,351.1166077,15283.60254
02-07-2018,995.4889526,112.5138855,287.9099426,2867.76123,599.1620483,704.7000122,526.4385376,122.9557037,375.4161682,15896.61523
09-07-2018,960.479187,113.8244476,290.9211121,2943.083252,611.8592529,706.5999756,544.3791504,125.0756378,364.0763855,16761.28516
16-07-2018,916.2614746,117.4163437,300.731842,2889.132324,611.1266479,657.7999878,544.0388184,126.3711472,361.5307312,16236.05762
23-07-2018,919.5605469,134.0167542,309.3768921,2902.659912,619.3309937,687.2000122,606.7078857,129.6295624,382.8217163,16860.25977
30-07-2018,954.1763916,145.1807709,307.0417786,2919.282227,625.6307983,733.4000244,624.1130981,132.4168396,382.2663269,17171.98242
06-08-2018,932.1660767,143.9673004,320.4253845,2892.533447,606.4384766,693.7999878,654.8399048,130.7287598,382.6366272,16988.80664
13-08-2018,1166.697021,141.7344971,325.7983704,3020.505615,633.053894,709.25,660.0906372,125.311203,375.0922241,17438.97266
20-08-2018,1177.382202,143.0450592,327.849884,3093.700928,638.8754883,708.4500122,680.753418,121.1105957,376.1567688,18114.78711
27-08-2018,1167.140137,148.4328918,326.7752991,3073.616455,647.8065796,686.5499878,703.847168,123.2393951,379.2115173,18662.39648
03-09-2018,1141.584473,143.5304413,308.5070801,2844.535156,651.5852661,682.7000122,654.3537598,121.6558304,432.6242371,17662.06445
10-09-2018,1099.434937,130.6190186,303.7691345,2789.575439,653.8916016,655.75,639.8654175,122.803894,421.1456299,17351.07422
17-09-2018,1032.926758,108.3880539,293.5604858,2638.665527,648.3463745,574.5,617.4523926,124.5853958,424.2929993,16563.64258
24-09-2018,1031.887939,96.49594879,286.0871582,2647.954834,641.1817627,593.4500122,577.6826172,121.2995377,372.8242493,16571.41797
01-10-2018,1043.907227,95.96201324,261.5179443,2481.273926,622.779541,565.7000122,575.7865601,93.46873474,355.1896973,15560.69434
08-10-2018,1120.673218,93.38943481,277.7834167,2621.068604,610.9041138,503.6000061,578.3146973,105.7807999,369.5843201,15091.77734
15-10-2018,1110.384888,99.16560364,276.9530945,2536.78125,622.0925903,528.0499878,580.5997925,105.3057327,352.0886536,14332.8877
22-10-2018,1072.793335,96.01055908,275.5853882,2428.391602,592.2565308,528.8499756,585.3643188,108.552002,366.1592102,13373.20117
29-10-2018,1138.529175,106.4464874,297.3215637,2561.819092,597.2128296,604.25,627.4677734,117.3406677,403.0019531,14506.66504
05-11-2018,1132.98938,108.1453629,301.8641663,2626.478027,517.0283203,617.4000244,629.6071167,112.2337189,423.2284241,15191.1416
12-11-2018,1220.686401,111.7857971,309.7282104,2714.394531,521.0523071,630.9000244,655.4719849,113.5401611,426.1906128,15714.93457
19-11-2018,1200.802368,106.7377167,306.2602844,2737.629395,508.1952515,652.25,644.0952148,109.5021286,419.5718994,15520.3877
26-11-2018,1248.731934,101.641098,312.1216736,2884.22583,529.8853149,659.8499756,665.6817627,105.7807999,418.4610291,16217.5625
03-12-2018,1194.57019,103.1943588,303.3783875,2745.092773,505.5453491,657.3499756,658.3890381,102.5741196,435.9104614,16061.65234
10-12-2018,1230.875854,108.0482864,314.7105103,2863.547607,511.7284546,664.8499756,690.8660889,111.9962006,436.8824463,16669.35352
17-12-2018,1236.959595,111.6401825,322.6234131,2854.006836,507.2137756,675.6500244,672.0507813,110.6106033,450.7216187,16904.35352
24-12-2018,1227.166138,114.9408493,322.2815247,2828.307617,512.3173218,666.2999878,671.7590942,112.4099655,467.6155396,17066.12305
31-12-2018,1277.271606,117.9988174,315.5896912,2849.853271,503.8768921,679.1500244,661.4033813,109.1026001,465.3013,16449.21289
07-01-2019,1280.734131,117.4163437,317.2992859,2829.357666,501.5704346,727.75,668.939209,106.9385147,496.8212891,15635.74805
14-01-2019,1345.233032,114.5039902,318.5692749,2887.831787,500.2455444,748.3499756,658.1945801,112.2058105,488.258606,15319.88672
21-01-2019,1278.211548,106.8348007,306.3579102,2928.503418,497.497406,745.5999756,688.9699707,112.0833206,494.3218994,15485.54492
28-01-2019,1324.805176,107.7085037,317.8854065,2965.843018,510.8942566,746.3499756,716.050354,112.0016479,455.4426575,15527.18066
04-02-2019,1245.417725,101.8837967,302.5480042,2838.486572,525.1253052,759.7999878,721.3011475,108.857605,480.2975769,15907.49707
11-02-2019,1128.389282,98.04920197,285.8917236,2611.802246,530.3760376,712.4500122,669.279541,102.4878311,479.4181824,15407.47949
18-02-2019,1130.911865,99.84515381,287.5036621,2751.893799,531.7009888,728.4500122,675.0651245,111.2258377,494.2756348,15939.73633
25-02-2019,1141.101196,104.747612,295.0257874,2806.123047,541.4173584,711.4500122,687.8030396,120.6171494,491.8225098,16470.41602
04-03-2019,1156.632324,110.4267044,295.1723328,2797.17627,529.4927368,699.5499878,707.6393433,121.392952,528.8966675,17429.875
11-03-2019,1112.808716,114.5039902,301.766449,2802.973389,521.8865356,693.5499878,725.0933228,127.9668808,553.3812866,17328.32422
18-03-2019,1136.303345,116.6397247,306.7975464,2826.664551,517.0773926,844,736.4700317,127.9668808,550.465332,17873.44531
25-03-2019,1207.82605,125.0370026,316.1758423,2813.654541,519.4819336,814.3499756,749.6455688,132.866684,569.951355,18372.52734
01-04-2019,1232.705811,126.8329468,326.1891479,2733.954834,524.0947876,978.4500122,739.630249,129.9516754,571.571167,18789.5293
08-04-2019,1247.198364,126.9300308,319.5950012,2725.783936,544.0673218,905.9000244,723.3432007,127.7741928,569.0256348,18767.58984
15-04-2019,1256.299438,122.658577,321.6465149,2738.610596,551.5753784,916.2999878,736.0811157,128.3082733,580.5634155,19379.85352
22-04-2019,1225.682251,119.6976929,312.9032288,2709.076416,557.9057007,857.1500244,746.9229736,125.637764,558.7969971,19718.62109
29-04-2019,1184.924927,115.4747772,304.3552856,2460.481934,553.9309082,821.0999756,747.6036377,128.3082733,565.6433105,19599.22266
06-05-2019,1171.125,110.4267044,294.2931213,2454.547363,544.0182495,789.25,717.7033081,121.4471207,541.5161133,18722.78125
13-05-2019,1125.817261,108.7763748,292.9254761,2536.118896,533.8602295,830.6500244,714.6890259,123.0083466,547.1820068,19060.16602
20-05-2019,1157.522583,133.0459747,303.4760437,2603.494385,559.7705078,882.3499756,723.2944336,128.8424072,606.4376221,20624.39844
27-05-2019,1226.275757,129.3569946,322.9165039,2677.580322,548.7290649,886.1500244,727.281189,136.0322876,613.8504639,21258.4043
03-06-2019,1382.033569,117.7075806,318.9599915,2644.303467,539.4053955,867.2000122,766.0785522,134.8818817,581.8382568,20522.84961
10-06-2019,1356.659058,115.5233154,320.3276978,2702.001709,545.588562,915.5999756,756.7924194,131.5950928,598.2220459,20204.73633
17-06-2019,1333.263184,114.552536,310.460907,2583.820801,541.5155029,958.2000122,764.7659302,126.5005493,588.5429077,20897.74805
24-06-2019,1344.441895,118.2900543,310.0213318,2504.714111,542.2025146,1003.299988,763.9394531,128.0617981,607.8540649,21508.18945
01-07-2019,1292.852295,126.5902557,306.309082,2577.840576,539.7489014,924.0499878,743.9572754,125.0625992,590.2426758,21093.11328
08-07-2019,1349.4375,122.1731873,302.3526001,2538.310303,546.324585,942.2000122,691.0604858,120.4610748,583.1603394,21082.5625
15-07-2019,1358.142944,114.552536,302.1083984,2506.585205,526.8918457,950.8499756,696.5057983,120.3788986,570.9786987,20874.77539
22-07-2019,1347.310425,109.2617645,320.3276978,2436.5625,522.5735474,947.2999878,683.3618164,116.5169296,557.7109985,21118.74609
29-07-2019,1297.650269,101.7867203,328.7833252,2370.328369,506.1342163,938.0499878,631.5067749,111.1758881,587.0792236,19734.00391
05-08-2019,1345.332031,96.9813385,355.1610413,2375.65918,478.9624023,904.4500122,642.7094727,107.2728043,612.0090332,19997.12891
12-08-2019,1455.435791,99.40830231,361.6347046,2295.359619,470.1274414,915.7000122,636.5944214,103.739502,599.7802734,19202.31055
19-08-2019,1424.719482,90.71977997,358.9661865,2264.828125,459.9105225,891.9000244,633.4146118,100.9457169,577.1167603,18152.74414
26-08-2019,1492.532715,89.89461517,364.7973938,2480.430176,466.4750061,900.5999756,663.989563,101.1598282,573.1034546,18351.39844
02-09-2019,1480.216553,91.54495239,360.1521912,2448.980469,468.8935242,886.3499756,645.6935425,104.7947998,552.7061768,17614.65625
09-09-2019,1442.822876,96.93280029,363.7596436,2456.418213,462.6251526,957.8499756,658.4616699,107.4384308,564.9350586,18601.35938
16-09-2019,1458.765991,97.32111359,394.8924255,2632.535645,457.442688,960.4000244,713.7410278,109.5037613,594.4448853,19069.92383
23-09-2019,1390.630127,92.37011719,436.3534546,2768.297119,433.8005676,1062.050049,698.7716064,120.0782547,649.5454712,19090.5625
30-09-2019,1390.630127,86.10855103,420.0951538,2611.370361,412.9718323,1001.5,664.7723389,124.7045746,628.3928833,17902.58398
07-10-2019,1439.447754,88.14720917,472.3291016,2831.517578,435.8735352,992.5999756,645.840271,118.4259796,626.5515137,18140.34961
14-10-2019,1497.949341,87.12788391,493.2325745,2986.607666,438.0946045,974.0499878,674.6052246,120.2847824,638.3081665,18429.71484
21-10-2019,1518.310547,89.02090454,484.7328491,2992.162598,455.3696594,983.9000244,653.3250732,117.8889771,628.1568604,19869.18359
28-10-2019,1449.827026,97.02987671,502.6712341,3001.529053,463.0200195,1000.200012,673.333313,117.8476791,669.4232788,19751.95898
04-11-2019,1409.253296,91.05956268,479.6922913,2903.048096,456.9490967,961.4000244,692.1185303,110.7429581,637.6471558,19685.24414
11-11-2019,1387.302856,91.54495239,481.4713135,2933.992676,457.1465149,906.0999756,658.2659302,108.8015366,662.246521,19265.02344
18-11-2019,1441.185791,96.15617371,471.3407593,2775.826416,472.3978882,891.75,624.8047485,107.1905899,646.9958496,20055.83984
25-11-2019,1430.111206,101.8352661,490.5640564,2806.633301,460.601532,907.9500122,653.1782227,108.4297867,640.5745239,20731.70313
02-12-2019,1455.438721,94.31168365,494.5668335,2818.06543,449.7429504,886.7999878,646.9165649,102.6468582,655.7307739,20049.61719
09-12-2019,1344.44458,98.77729034,494.7644958,2804.934326,455.4190369,919.6500244,640.2144775,105.9100723,677.166626,20120.42773
16-12-2019,1369.970947,97.75796509,500.842804,2868.430664,459.6637268,948.2999878,627.4464722,105.2904739,691.0480957,20302.14844
23-12-2019,1408.855957,101.1557083,508.403656,2793.272949,475.2112427,956.7000122,632.6808472,105.2078705,716.1668091,20238.44531
30-12-2019,1476.395996,97.90358734,503.56073,2789.967285,464.2046204,965.9500122,646.6230469,104.8774109,728.0178833,20880.5332
06-01-2020,1474.955811,94.16606903,506.0810242,2745.019775,467.0673218,972.2000122,631.1154175,103.5969162,706.3931274,23078.67383
13-01-2020,1608.198486,94.45730591,556.6842041,2871.460449,474.0760193,986.1500244,624.7558594,101.3250427,736.5639038,23032.65039
20-01-2020,1657.860474,92.80696869,553.1755371,2930.595215,452.2108154,1056.099976,609.3948975,98.681427,710.2648315,22861.20117
27-01-2020,1649.815186,89.94315338,553.4720459,2940.512207,441.1547546,1080.5,589.8270264,93.72463226,720.2272949,22731.43359
03-02-2020,1652.248535,89.36068726,564.1955566,2986.423828,437.4529724,1168.650024,616.5862427,97.02915955,717.819397,24624.85352
10-02-2020,1692.176636,83.82720947,572.8435669,2842.949463,441.2041321,1140.5,598.53479,95.12906647,705.0238037,24109.91797
17-02-2020,1787.974365,79.89553833,565.9251709,2809.296143,429.9506531,1112.449951,609.1502686,92.77458191,862.4407959,24092.6875
24-02-2020,1710.551514,74.26499176,559.1055908,2728.537109,396.289093,1009.549988,600.2470093,87.28081512,830.7119141,22367.35742
02-03-2020,1679.970947,69.70230865,528.5657959,2832.940674,428.3712769,915.7999878,620.9890137,83.27406311,821.9297485,22926.90625
09-03-2020,1505.640381,54.99492645,468.7641602,2533.596191,419.7337646,821.5,587.3320923,76.16934204,758.0942383,21177.83984
16-03-2020,1357.180908,61.40209961,448.3852539,2269.143555,388.539978,711.8499756,527.1607056,74.84752655,590.6203613,18795.43555
23-03-2020,1161.904785,52.81066132,477.0942383,2324.330078,404.2444763,687.5499878,504.6446228,63.57083511,583.8213501,17504.4082
30-03-2020,1183.696167,47.27719116,445.0631409,2351.693604,444.4759216,607.0999756,464.1135254,67.75505829,586.460083,15657.62109
06-04-2020,1274.990845,49.36437607,470.6979065,2573.952393,573.5332642,672.9000244,542.3686523,71.12362671,711.4631348,16778.51172
13-04-2020,1368.126343,48.68482971,511.852417,2599.801025,591.9417114,684.2000122,520.2070923,73.34091187,683.6470337,18774.05664
20-04-2020,1351.310303,45.04438782,515.3728027,2812.831543,593.4262695,667.2999878,517.2028198,69.46067047,787.3648071,18447.51953
27-04-2020,1387.181274,47.76258087,504.3652344,2906.032227,583.4302979,676.5499878,555.1238403,71.84851837,835.4987793,19605.56055
04-05-2020,1307.876953,39.94776917,451.2115479,2777.897461,585.7561035,617.4000244,479.8236389,63.40578079,783.8817749,18592.21094
11-05-2020,1348.573853,40.33608246,446.7489929,2901.515137,564.3290405,624.5499878,479.429657,64.38650513,793.121521,19013.04688
18-05-2020,1273.249512,36.35586929,453.7898865,2939.069092,632.4205933,601.5,452.2447205,64.34386444,778.8990479,19756.25391
25-05-2020,1350.066528,37.76350784,487.9034424,3138.213135,640.9320679,688.8499756,488.8852844,71.03835297,833.9507446,20671.43555
01-06-2020,1352.255493,45.14146423,506.4477844,3218.242432,644.3959961,806.9500122,559.1130981,76.28308105,884.8421021,21926.15625
08-06-2020,1393.002197,44.07360458,497.0764465,3126.236816,637.0227661,835.2000122,543.5505981,75.34499359,947.8757935,22289.75
15-06-2020,1365.041748,45.62685776,496.5805969,3192.293213,630.5401611,891.9000244,557.6848145,72.7013092,1140.363159,21495.30078
22-06-2020,1380.812988,50.3351593,506.497345,3209.468506,628.164917,868.4000244,576.3497925,75.98459625,1054.496094,22327.64648
29-06-2020,1372.952271,49.26729584,499.2581482,3286.712646,632.2721558,893.25,571.0802612,74.91859436,1109.064087,22704.7832
06-07-2020,1395.688843,50.04392242,494.0022278,3459.118164,632.0742798,891.75,571.4743042,73.46884155,1048.78772,22102.59766
13-07-2020,1491.759766,47.95674133,518.6453247,3513.198486,681.9058228,882.7999878,581.3731689,74.10844421,1163.72876,22081.21875
20-07-2020,1503.700073,47.18011093,520.3311768,3544.300293,658.6477661,896.2999878,598.1173706,79.09732056,1260.286743,21172.28516
27-07-2020,1667.035522,45.43270111,522.0666504,3550.381104,712.8835449,926.4000244,574.4290771,75.51555634,1231.986938,21547.58398
03-08-2020,1735.79248,47.03449631,550.4284668,3652.506348,721.0980835,889,600.3828735,73.72467041,1177.273926,21720.5
10-08-2020,1698.976196,44.75315094,545.7675781,3529.631104,763.8533325,861.9000244,602.057312,72.36019897,1173.307007,21280.4707
17-08-2020,1669.622559,46.88887405,562.2293701,3604.693115,753.3129272,858.6500244,623.135437,75.77140045,1143.894653,22129.13477
24-08-2020,1654.050293,50.14100647,559.3039551,3521.089844,741.0900879,902.7000122,629.6361084,74.87595367,1169.582153,21125.70703
31-08-2020,1642.45813,44.55899429,547.3047485,3515.373779,717.2382813,919.8499756,625.0068359,71.592659,1086.907837,19766.42188
07-09-2020,1603.452515,44.65607452,567.9315796,3577.081299,718.0300293,877.2000122,644.0658569,70.86779022,1092.180908,19347.71875
14-09-2020,1819.674194,43.73382568,573.5841064,3601.935059,798.5424194,915.2000122,664.3067017,68.77842712,1069.492676,19357.9375
21-09-2020,2023.518677,40.38462067,577.84729,3498.061768,762.2697754,853,648.7936401,63.23521805,1053.867188,18850.79297
28-09-2020,2082.919434,40.67585754,585.6359253,3613.887207,765.1398926,866.2999878,656.0823364,63.23521805,1116.320435,20450.50391
05-10-2020,2269.644043,43.0057373,598.1374512,3552.369629,795.0289307,912.25,699.3713989,65.23930359,1104.710327,21023.12695
12-10-2020,2203.166748,39.17113876,598.7823486,3554.978516,774.0471802,865.6500244,687.2072144,63.27785873,1146.216553,20995.44531
19-10-2020,2068.169189,41.93787766,604.0905151,3291.406006,749.0571899,1047.400024,714.7860718,66.73171234,1145.78125,20374.85938
26-10-2020,2112.171631,40.43316269,617.7826538,3296.101807,746.3355103,1034.550049,717.8394165,67.84036255,1189.512939,21477.89063
02-11-2020,2079.032715,44.46191406,644.1747437,3334.520508,781.7669678,951.5,806.3381958,68.39466858,1214.523315,21865.99023
09-11-2020,2275.623779,45.28708267,646.9528198,3347.137207,738.5663452,1003.299988,815.0058594,73.89523315,1149.312744,23179.4375
16-11-2020,2341.503174,46.11224747,637.9240112,3367.4375,732.2817383,1062.5,812.5926514,72.36019897,1145.539429,23766.69141
23-11-2020,2330.888428,49.80122757,643.3314209,3447.358398,736.9828491,1165.849976,789.9385986,72.10435486,1116.271973,23919.17578
30-11-2020,2426.368652,57.32480621,666.0027466,3460.686035,758.7067871,1200.099976,816.4832764,77.09324646,1133.735718,24711.9375
07-12-2020,2352.515869,63.53782272,671.8566284,3542.409424,748.1170044,1303.199951,815.2028198,80.03540039,1134.94519,23588.26953
14-12-2020,2379.176758,61.25648117,704.1026001,3531.026123,785.725769,1376.300049,904.9818726,80.12068176,1170.743164,24360.99023
21-12-2020,2406.036865,59.07221603,724.3430786,3432.512451,824.8685303,1362,881.8353882,76.92268372,1149.312744,23631.27539
28-12-2020,2406.634521,62.61558151,760.8057861,3382.852783,817.9406128,1427.599976,896.31427,78.03132629,1174.226318,23761.88086
04-01-2021,2548.708496,63.63490677,803.9161377,3391.200195,829.7180176,1463.550049,992.6434326,81.95420074,1241.130127,25605.68945
11-01-2021,2582.894043,73.00296783,770.5292358,3424.069824,815.0704346,1381.699951,966.6897583,86.38877869,1164.018921,24208.80859
18-01-2021,2591.116455,71.15848541,767.602356,3424.591309,799.7300415,1349.300049,1105.224609,81.57044983,1127.83374,23520.6582
25-01-2021,2553.492676,66.06186676,700.9772339,3322.80542,817.0993652,1254.75,1028.74231,79.5663681,1070.460083,22568.42188
01-02-2021,2730.997803,80.08969879,724.3927002,3359.326904,838.8728027,1397.900024,1096.302979,87.28421783,1126.672729,26504.00781
08-02-2021,2738.173828,76.06093597,763.980835,3246.252197,840.5553589,1491.650024,1127.41272,81.10140228,1272.284058,27761.05859
15-02-2021,2910.894775,88.38990021,735.505188,3160.118164,798.9877319,1520.849976,1124.400513,87.39020538,1255.013916,27321.87109
22-02-2021,3050.277832,82.90496826,674.585144,3190.758301,778.451416,1538.900024,1093.488037,87.79333496,1257.045654,26296.41797
01-03-2021,2872.124756,78.29374695,723.7974243,3316.686768,797.1568604,1496.800049,1103.117188,90.83921814,1247.854248,27628.96484
08-03-2021,2965.910645,75.09015656,710.7501831,3259.295654,797.8991089,1451.199951,1090.031372,90.70484161,1236.437378,27506.83984
15-03-2021,2925.994141,71.59533691,717.7947388,3288.03833,752.6696777,1316.699951,1031.268311,88.46522522,1191.447876,26738.23633
22-03-2021,2839.58374,68.6829834,753.9101563,3323.564209,779.7379761,1367.550049,1037.292725,81.43280792,1196.043701,27867.70703
29-03-2021,2881.244141,73.43982697,758.2261963,3432.465088,809.8745117,1391.599976,1045.588623,85.16551208,1175.145386,29739.98828
05-04-2021,3122.834717,71.83802795,746.5184326,3602.361816,873.2155151,1362.699951,1048.551514,83.74836731,1193.818481,31535.83008
12-04-2021,3049.97876,65.33377838,730.1473999,3564.241699,929.03479,1334.25,998.0843506,82.42266083,1130.155884,30567.125
19-04-2021,3190.408203,61.11086655,703.7553101,3520.413574,925.8677979,1310.949951,993.2944336,80.50265503,1160.77771,27873.16211
26-04-2021,3188.315186,64.79984283,698.0502319,3325.718994,901.9169312,1367.800049,978.5789795,83.06266022,1142.077637,27685.71094
03-05-2021,3300.78833,68.48883057,709.6091919,3337.098389,873.8588867,1246,988.553894,86.5826416,1193.679199,27653.22266
10-05-2021,3129.16333,71.88657379,746.7664795,3375.429688,894.7910767,1221.25,983.8133545,92.25120544,1150.497314,26508.91992
17-05-2021,3236.254639,78.43936157,784.6181641,3314.291992,917.3068237,1304.199951,1015.120605,95.35977173,1245.871582,27389.97656
24-05-2021,3137.933838,81.4002533,795.7802734,3299.44165,924.8780518,1359.75,1004.99762,100.3883286,1247.644043,27372.86133
31-05-2021,3369.458008,79.45868683,790.1744995,3378.570068,936.8040161,1408.400024,1043.317261,104.776886,1486.251831,27927.32813
07-06-2021,3324.209717,82.03126526,799.7490234,3442.112305,957.7857056,1421,1004.750793,105.234024,1451.391235,27859.22266
14-06-2021,3211.138672,77.80835724,818.3028564,3513.155518,950.3629761,1385.300049,984.8010254,102.6740341,1449.224854,27809.9668
21-06-2021,3427.214355,81.01194,799.6994019,3552.500244,946.7009888,1401.449951,990.1674805,101.8511887,1462.322144,28499.25781
28-06-2021,3721.079834,82.7108078,801.0388794,3434.998047,969.0188599,1388.75,976.6890869,99.19975281,1454.838013,26803.01953
05-07-2021,3713.455322,81.20610046,837.6503906,3362.599854,949.769165,1480.099976,1013.705139,98.14833069,1510.96936,27285.26172
12-07-2021,3767.424561,79.36161041,837.1542969,3332.692139,967.1384277,1577.699951,1068.262939,97.05120087,1545.28833,27868.25195
19-07-2021,3904.166016,77.51711273,847.7210693,3329.20752,938.2390747,1560.699951,1133.623291,96.86832428,1544.106689,27760.66211
26-07-2021,4011.556396,77.95397186,836.559021,3310.237061,910.8242798,1608,1163.553467,94.35405731,1531.797119,28072.51953
02-08-2021,4075.392334,80.91486359,822.0731201,3488.425537,901.6199951,1583.449951,1221.579956,96.82261658,1523.426636,28248.54297
09-08-2021,4046.638672,78.5849762,804.0153809,3463.502441,885.190979,1547.099976,1232.134644,96.55096436,1428.741821,26454.32031
16-08-2021,4734.782227,71.98365021,810.067688,3770.759766,886.1452026,1480.050049,1224.800659,95.58176422,1435.635132,26119.625
23-08-2021,4752.629883,72.3719635,782.196167,3814.266602,918.7368774,1472.75,1224.850342,97.79707336,1469.855591,26736.27344
30-08-2021,4998.706055,76.8861084,827.6454468,3989.696533,936.3015137,1581.949951,1416.917603,104.3968811,1484.380859,30244.63672
06-09-2021,4707.10498,76.83757019,832.4243164,3939.124268,944.9594727,1581.349976,1440.604004,104.1199722,1514.268311,30489.25781
13-09-2021,4890.951172,79.89553833,816.5942383,3923.734863,949.5372925,1633.900024,1458.244751,109.0582809,1490.68335,30367.76758
20-09-2021,4719.520996,75.6240921,836.5560913,3910.716797,962.3251343,2194.100098,1401.060547,108.2736969,1482.115967,29246.76367
27-09-2021,4447.814941,80.04115295,806.6879883,3794.327881,982.0294189,2233.600098,1346.899414,117.5964966,1510.624756,28924.19727
04-10-2021,4367.085938,85.5260849,826.6498413,3760.984131,912.7161255,2359.600098,1359.832642,121.5655975,1496.542603,27611.5625
11-10-2021,4316.973145,86.10855103,835.2120361,3772.695557,907.0934448,2502.550049,1460.771973,124.103981,1528.59668,27792.60352
18-10-2021,4020.48584,91.83618164,734.0089111,3567.792725,891.668335,2353.449951,1277.971069,120.6887131,1541.890991,27615.93555
25-10-2021,4249.209473,94.65145874,737.84198,3552.161377,902.1176147,2248.75,1251.856689,118.1964722,1445.728882,28493.01563
01-11-2021,4423.431641,99.60245514,759.8945923,3532.706787,906.2973022,2431.850098,1286.274292,124.2885895,1506.78418,28869.16797
08-11-2021,4656.194336,98.34043884,790.9574585,3568.131592,911.472168,2293,1363.410034,122.765564,1664.986206,29216.9375
15-11-2021,5573.880371,93.38943481,783.8886108,3463.792725,887.9862671,2182.300049,1363.111938,122.3675842,1579.607422,27021.9043
22-11-2021,5668.870117,86.30271912,758.7994385,3429.336182,961.479248,2098,1319.055786,114.3768158,1418.647949,25786.07227
29-11-2021,5419.253906,85.96294403,726.4921265,3441.628174,907.4417114,2023.150024,1373.890137,115.2751923,1462.026733,25753.5625
06-12-2021,5229.024902,91.49640656,759.0981445,3513.736328,889.4790039,2099.550049,1382.433228,113.5257339,1469.215454,26195.28125
13-12-2021,4774.170898,82.37104034,749.5402832,3422.221924,855.6931152,1876.800049,1310.015991,106.7643127,1432.533081,26107.59375
20-12-2021,4827.325195,77.12879944,737.9415283,3430.158691,903.3118286,1830.050049,1352.284302,104.2583313,1449.766357,26123.15234
27-12-2021,4998.905273,79.55576324,768.1580811,3490.893799,939.7348633,1872.849976,1387.946411,105.4876785,1471.726685,26852.8418
03-01-2022,5002.794922,85.04069519,786.925293,3614.880859,910.7258301,1891.650024,1358.890137,112.0599747,1502.204956,26891.91211
10-01-2022,4960.460449,90.86540222,767.9589844,3587.925049,916.9456177,1963.199951,1336.04248,116.5518265,1462.66687,26929.19727
17-01-2022,4677.984375,89.89461517,741.2767944,3502.557129,862.7090454,1798.849976,1233.526001,115.0387802,1409.24353,24898.45508
24-01-2022,4472.19873,100.2334671,721.8127441,3394.734131,927.6436157,1633.849976,1134.287598,117.355629,1416.383057,23989.46289
31-01-2022,4674.444336,103.4855957,732.1172485,3446.564453,941.3271484,1506.550049,1201.837158,117.4501877,1398.608032,24560.82617
07-02-2022,4511.291016,110.1840057,714.5946045,3368.69751,953.418396,1560.300049,1165.281006,115.4170456,1403.285645,24751.06445
14-02-2022,4460.131348,102.3206558,734.3075562,3369.568848,903.9586182,1568.650024,1194.13855,117.1422806,1302.10144,24254.05469
21-02-2022,4620.990723,103.7282867,682.7352905,3313.866699,917.1445923,1471.25,1160.065796,108.6817398,1327.360596,23889.93555
28-02-2022,4736.873535,97.56381226,650.9257813,3263.10083,927.4943237,1466.25,1076.920044,109.5036163,1355.52478,22413.48438
07-03-2022,4839.741211,101.3498688,676.114502,3096.817139,1039.350952,1493.300049,1085.959717,119.5595779,1362.762695,22307.21875
14-03-2022,4825.929199,104.7961502,715.1422119,3246.549805,1043.331665,1597.199951,1140.496216,117.3840103,1317.759155,23982.70703
21-03-2022,4669.059082,105.4271622,685.6723633,2995.38208,1008.45105,1621.599976,1141.092163,114.6766357,1283.932617,23168.31836
28-03-2022,4490.74707,112.5624237,708.4716187,3126.289307,1010.043335,1692.050049,1164.28772,118.0125122,1334.647827,24499.45703
04-04-2022,4592.668457,116.8338776,732.0674438,3240.645508,1006.759277,1665.300049,1259.999512,122.750412,1353.505981,25146.57617
11-04-2022,4730.790039,115.9116364,721.06604,3240.113525,1011.38678,1602.599976,1265.512573,123.620636,1315.691162,25266.98438
18-04-2022,4801.546387,108.1938934,713.151001,3255.599609,962.3251343,1572.300049,1308.078979,129.8572693,1292.5,25741.95508
25-04-2022,4445.571289,109.6015396,715.5404663,3177.781006,977.1033325,1573,1303.658447,121.8318405,1244.886719,25947.66992
02-05-2022,3816.893555,101.8352661,662.6738892,3203.914063,930.7286377,1417.199951,1230.645142,122.1219177,1211.25,23867.87305
09-05-2022,3538.506104,92.17595673,654.0619507,3173.08667,928.34021,1342.199951,1226.820679,117.3356628,1119.650024,22456.31055
16-05-2022,3657.629639,96.544487,627.8775635,3338.547852,973.8690186,1345.349976,1220.761108,113.0812149,1159.550049,21921.68555
23-05-2022,3851.050049,95.81639862,573.069519,3439.692627,961.628479,1304.75,1173.12854,110.373848,1096,21844.15039
30-05-2022,3578.696045,99.16560364,606.1733398,3417.479492,956.6029053,1355.349976,1148.393555,114.3382111,1106.800049,20595.625
06-06-2022,3690.140869,102.0294189,578.1968994,3256.519043,962.076355,1312.75,1116.953125,113.4196472,1061.699951,19109.76563
13-06-2022,3690.5896,92.4186554,557.2892456,3227.530762,911.173584,1186.449951,1061.522705,100.8496933,999.75,17951.82422
20-06-2022,3825.121094,99.94999695,591.3886719,3364.051758,928.8875732,1199.75,1103.917114,69.94050598,984.9500122,18695.40039
27-06-2022,3724.945313,96.90000153,579.0929565,3527.234863,945.5067749,1227.400024,1107.508179,72.08383942,1042.099976,19146.41797
04-07-2022,3926.493164,105.5999985,582.7766724,3759.298828,930.8779297,1303.349976,1215.186768,70.29503632,1035.849976,19839.44727
11-07-2022,3919.16333,104.0500031,571.1779175,3789.180908,961.3299561,1343.699951,1251.994019,68.02277374,1017.900024,19649.07227
18-07-2022,4113.28125,116.0500031,586.3110962,3811.727539,968.0970459,1449.699951,1223.116699,69.81157684,1038.400024,20743.57813
25-07-2022,4200.941406,116.25,621.9537354,3840.674072,973.4212646,1507.75,1246.208496,70.53676605,1065.650024,20445.86523
01-08-2022,4361.252441,117.9000015,670.4893799,3631.845947,1029.25,1373.75,1285.260132,70.633461,1144.150024,21210.68359
08-08-2022,4298.075195,123.1500015,673.1276855,3602.997803,1022.383362,1354.550049,1293.888306,69.13473511,1187.949951,21113.35938
15-08-2022,4125.547852,120.25,693.6869507,3606.050049,1030.349976,1363.949951,1345.807373,72.09999847,1043.75,21367.99805
22-08-2022,4214.25,128.3500061,659.9000244,3591.429199,1020.25,1384.449951,1319.573608,71.84999847,1046.949951,22075.01758
29-08-2022,4311.450195,131.1000061,668.7000122,3703,1015.549988,1420.050049,1378.375366,71.19999695,1029.849976,21046.12891
05-09-2022,4460.850098,138,664.0499878,3650.550049,1058.449951,1408.849976,1342.46582,72.40000153,1045.349976,24447.08008
12-09-2022,4278.450195,137.25,639.25,3636.949951,1045.300049,1333.099976,1299.174927,69.94999695,1033.199951,23266.71484
19-09-2022,4421.200195,132.3999939,633.9000244,3792,1067.800049,1228.800049,1301.718628,67.44999695,1002.049988,21152.4375
26-09-2022,4383.25,132.3999939,616.5,3845,1115.199951,1193.449951,1344.859863,67,1040.199951,20984.39063
03-10-2022,4395.200195,135.25,625.5999756,3782.550049,1130,1227.150024,1347.552979,67.5,1059.900024,21259.0957
10-10-2022,4295.25,130.4499969,612.9500122,3794.649902,1109.25,1180.75,1249.949097,66.34999847,1014.849976,21124.68945
17-10-2022,4392.350098,143.5500031,585.5,3791.449951,1134.400024,1203.199951,1163.716553,67.44999695,1032.550049,20901.64063
24-10-2022,4569.149902,146.8500061,574.8499756,3776.600098,1154.949951,1246.199951,1184.36438,68.44999695,1046.800049,21728.04688
31-10-2022,4359.75,144.5500031,604.1500244,3801.300049,1146.349976,1259.25,1206.907593,68.55000305,1079.599976,22900.77539
07-11-2022,4417.700195,161.75,597.8499756,4096.600098,1121.400024,1293,1233.939453,69.75,1073.849976,22808.49219
14-11-2022,4398.049805,162.8000031,603.2999878,4104.350098,1101.400024,1273.550049,1217.92981,69.19999695,1061.849976,23094.47461
21-11-2022,4778.950195,167.8000031,616.4500122,4182.850098,1105.150024,1287.5,1243.216064,73.34999847,1078.25,23146.58008
28-11-2022,4871.600098,171.1999969,615.9000244,4425.100098,1112.650024,1332.699951,1235.984253,77,1134.900024,24054.4375
05-12-2022,4686.450195,188.5500031,614.2999878,4411.799805,1107.449951,1277.650024,1180.324707,77,1102.75,24413.43945
12-12-2022,4564.049805,182,595.3499756,4447.049805,1089.400024,1292.550049,1152.245361,77.09999847,1078.650024,23681.06445
19-12-2022,4697.700195,169,575.4500122,4330.049805,1118.550049,1172.900024,1097.134399,72.94999695,1044.199951,23238.11523
26-12-2022,4478.649902,185.6499939,581.4500122,4306.649902,1075.050049,1223.150024,1096.984741,76.5,1063.449951,23254.28516
